{
  "Logistic Regression": {
    "c0_prec": 0.9753578546838195,
    "c0_rec": 0.8611422172452408,
    "c1_prec": 0.32398753894080995,
    "c1_rec": 0.7536231884057971,
    "c1_f1": 0.4531590413943355,
    "accuracy": 0.8524180508599147,
    "roc_auc": 0.8801125153308803,
    "cm": [
      [
        5383,
        868
      ],
      [
        136,
        416
      ]
    ]
  },
  "K-Nearest Neighbors": {
    "c0_prec": 0.9698158253751705,
    "c0_rec": 0.9097744360902256,
    "c1_prec": 0.3993610223642173,
    "c1_rec": 0.6793478260869565,
    "c1_f1": 0.5030181086519114,
    "accuracy": 0.8910774658239012,
    "roc_auc": 0.8382873233036338,
    "cm": [
      [
        5687,
        564
      ],
      [
        177,
        375
      ]
    ]
  },
  "Random Forest": {
    "c0_prec": 0.9726364083237752,
    "c0_rec": 0.9496080627099664,
    "c1_prec": 0.55,
    "c1_rec": 0.697463768115942,
    "c1_f1": 0.6150159744408946,
    "accuracy": 0.9291489048948993,
    "roc_auc": 0.9369377711160417,
    "cm": [
      [
        5936,
        315
      ],
      [
        167,
        385
      ]
    ]
  },
  "Neural Network": {
    "c0_prec": 0.9779835750480517,
    "c0_rec": 0.8953767397216446,
    "c1_prec": 0.39444444444444443,
    "c1_rec": 0.7717391304347826,
    "c1_f1": 0.5220588235294118,
    "accuracy": 0.8853447008672645,
    "roc_auc": 0.921704556256506,
    "cm": [
      [
        5597,
        654
      ],
      [
        126,
        426
      ]
    ]
  },
  "Ensemble": {
    "c0_rec": 0.9411294192929132,
    "c1_prec": 0.5202086049543677,
    "c1_rec": 0.7228260869565217,
    "c1_f1": 0.6050037907505686,
    "accuracy": 0.9234161399382625,
    "w_prec": 0.9377782373573377,
    "roc_auc": 0.9293562305393457,
    "cm": [
      [
        5883,
        368
      ],
      [
        153,
        399
      ]
    ]
  }
}